"","MSA","buffer"
"1",16.5204052852134,0.834795947147866
