"","MSA","buffer"
"1",4.11085425749695,0.95889145742503
