"","MSA","buffer"
"1",13.419402339241,0.86580597660759
