"","MSA","buffer"
"1",9.53935993140258,0.904606400685974
