"","MSA","buffer"
"1",7.09073599585777,0.929092640041422
